INSERT INTO tools(id, name)
    VALUES
        ( 1, 'Stocks'),
        ( 2, 'Bonds'),
        ( 3, 'BOT'),
        ( 4, 'BTP'),
        ( 5, 'CCT');

INSERT INTO watchlists(id, name)
    VALUES
        ( 1, 'FTSE MIB'),
        ( 2, 'Bonds'),
        ( 3, 'BOT'),
        ( 4, 'BTP'),
        ( 5, 'CCT');

INSERT INTO identifiers(isin, watchlist_id)
    VALUES
        ('IT0001233417', 1), -- FTSE MIB
        ('IT0004056880', 1),
        ('IT0003506190', 1),
        ('IT0003261697', 1),
        ('IT0001031084', 1),
        ('IT0004776628', 1),
        ('IT0005218380', 1),
        ('IT0000066123', 1),
        ('IT0001347308', 1),
        ('NL0015435975', 1),
        ('NL0010545661', 1),
        ('IT0003492391', 1),
        ('IT0003128367', 1),
        ('IT0003132476', 1),
        ('NL0012059018', 1),
        ('NL0011585146', 1),
        ('IT0000072170', 1),
        ('IT0000062072', 1),
        ('IT0001250932', 1),
        ('IT0001078911', 1),
        ('IT0000072618', 1),
        ('IT0005090300', 1),
        ('IT0005211237', 1),
        ('IT0003856405', 1),
        ('IT0000062957', 1),
        ('IT0004965148', 1),
        ('IT0005366767', 1),
        ('IT0005278236', 1),
        ('IT0003796171', 1),
        ('IT0004176001', 1),
        ('IT0003828271', 1),
        ('IT0005252140', 1),
        ('IT0003153415', 1),
        ('NL00150001Q9', 1),
        ('NL0000226223', 1),
        ('IT0003497168', 1),
        ('LU0156801721', 1),
        ('IT0003242622', 1),
        ('IT0005239360', 1),
        ('IT0004810054', 1),
        ('XS1747134564', 2), -- Bonds
        ('XS1561083673', 2),
        ('XS1561100600', 2),
        ('XS2215041513', 2),
        ('XS2331288212', 2),
        ('IT0005452252', 3), -- BOT
        ('IT0005454860', 3),
        ('IT0005447187', 3),
        ('IT0005444507', 3),
        ('IT0005441719', 3),
        ('IT0005437311', 3),
        ('IT0005454878', 3),
        ('IT0001086567', 4), -- BTP
        ('IT0001278511', 4),
        ('IT0005441883', 4),
        ('IT0005217390', 4),
        ('IT0005425233', 4),
        ('IT0005436701', 4),
        ('IT0005398406', 4),
        ('IT0005363111', 4),
        ('IT0005273013', 4),
        ('IT0005162828', 4),
        ('IT0005083057', 4),
        ('IT0005438004', 4),
        ('IT0004923998', 4),
        ('IT0004545890', 4),
        ('IT0004286966', 4),
        ('IT0003934657', 4),
        ('IT0003535157', 4),
        ('IT0005218968', 5), -- CCT
        ('IT0005104473', 5),
        ('IT0005137614', 5),
        ('IT0005185456', 5),
        ('IT0005252520', 5),
        ('IT0005311508', 5),
        ('IT0005331878', 5),
        ('IT0005359846', 5),
        ('IT0005399230', 5),
        ('IT0005428617', 5),
        ('IT0005451361', 5);

INSERT INTO products(id, isin, tool_id, name)
    VALUES
        ( 1, 'IT0001233417', 1, 'A2A'),
        ( 2, 'IT0004056880', 1, 'Amplifon'),
        ( 3, 'IT0003506190', 1, 'Atlantia'),
        ( 4, 'IT0003261697', 1, 'Azimut Holding'),
        ( 5, 'IT0001031084', 1, 'Banca Generali'),
        ( 6, 'IT0004776628', 1, 'Banca Mediolanum'),
        ( 7, 'IT0005218380', 1, 'Banco Bpm'),
        ( 8, 'IT0000066123', 1, 'Bper Banca'),
        ( 9, 'IT0001347308', 1, 'Buzzi Unicem'),
        (10, 'NL0015435975', 1, 'Campari'),
        (11, 'NL0010545661', 1, 'Cnh Industrial'),
        (12, 'IT0003492391', 1, 'Diasorin'),
        (13, 'IT0003128367', 1, 'Enel'),
        (14, 'IT0003132476', 1, 'Eni'),
        (15, 'NL0012059018', 1, 'Exor'),
        (16, 'NL0011585146', 1, 'Ferrari'),
        (17, 'IT0000072170', 1, 'Finecobank'),
        (18, 'IT0000062072', 1, 'Generali'),
        (19, 'IT0001250932', 1, 'Hera'),
        (20, 'IT0001078911', 1, 'Interpump Group'),
        (21, 'IT0000072618', 1, 'Intesa Sanpaolo'),
        (22, 'IT0005090300', 1, 'Inwit'),
        (23, 'IT0005211237', 1, 'Italgas'),
        (24, 'IT0003856405', 1, 'Leonardo'),
        (25, 'IT0000062957', 1, 'Mediobanca'),
        (26, 'IT0004965148', 1, 'Moncler'),
        (27, 'IT0005366767', 1, 'Nexi'),
        (28, 'IT0005278236', 1, 'Pirelli & C'),
        (29, 'IT0003796171', 1, 'Poste Italiane'),
        (30, 'IT0004176001', 1, 'Prysmian'),
        (31, 'IT0003828271', 1, 'Recordati'),
        (32, 'IT0005252140', 1, 'Saipem'),
        (33, 'IT0003153415', 1, 'Snam'),
        (34, 'NL00150001Q9', 1, 'Stellantis'),
        (35, 'NL0000226223', 1, 'Stmicroelectronics'),
        (36, 'IT0003497168', 1, 'Telecom Italia'),
        (37, 'LU0156801721', 1, 'Tenaris'),
        (38, 'IT0003242622', 1, 'Terna'),
        (39, 'IT0005239360', 1, 'Unicredit'),
        (40, 'IT0004810054', 1, 'Unipol'),
        (41, 'IT0005452252', 3, 'Bot Zc Lg22 A Eur'),
        (42, 'IT0005454860', 3, 'Bot Zc Ag22 A Eur'),
        (43, 'IT0001086567', 4, 'Btp-1nv26 7,25%'),
        (44, 'IT0001278511', 4, 'Btp-1nv29 5,25%'),
        (45, 'IT0005218968', 5, 'Cct-Eu Tv Eur6m+0,75% Fb24 Eur'),
        (46, 'XS1747134564', 2, 'Carraro Fin Tf Ge25 Call Eur'),
        (47, 'XS1561083673', 2, 'Gs Fin Corp Mc Ag27 Eur'),
        (48, 'XS1561100600', 2, 'Gs Fin Corp Mc Ap27 Eur'),
        (49, 'XS2215041513', 2, 'Carraro Fin Tf 3,75% St26 Call Eur'),
        (50, 'XS2331288212', 2, 'Iwb Tf 2,5% Mg27 Call Eur'),
        (51, 'IT0005447187', 3, 'Bot Zc Gn22 A Eur'),
        (52, 'IT0005444507', 3, 'Bot Zc Mg22 A Eur'),
        (53, 'IT0005441719', 3, 'Bot Zc Ap22 A Eur'),
        (54, 'IT0005437311', 3, 'Bot Zc Mz22 A Eur'),
        (55, 'IT0005454878', 3, 'Bot Zc Fb22 S Eur'),
        (56, 'IT0005441883', 4, 'Btp Tf 2,15% Mz72 Eur'),
        (57, 'IT0005217390', 4, 'Btp Tf 2,8% Mz67 Eur'),
        (58, 'IT0005425233', 4, 'Btp Tf 1,7% St51 Eur'),
        (59, 'IT0005436701', 4, 'Btpi Tf 0,15% Mg51 Eur'),
        (60, 'IT0005398406', 4, 'Btp Tf 2,45% St50 Eur'),
        (61, 'IT0005363111', 4, 'Btp Tf 3,85% St49 Eur'),
        (62, 'IT0005273013', 4, 'Btp Tf 3,45% Mz48 Eur'),
        (63, 'IT0005162828', 4, 'Btp Tf 2,7% Mz47 Eur'),
        (64, 'IT0005083057', 4, 'Btp Tf 3,25% St46 Eur'),
        (65, 'IT0005438004', 4, 'Btpgreen 1,5%Ap45eur'),
        (66, 'IT0004923998', 4, 'Btp Tf 4,75% St44 Eur'),
        (67, 'IT0004545890', 4, 'Btpi-15st41 2,55%'),
        (68, 'IT0004286966', 4, 'Btp-1ag39 5%'),
        (69, 'IT0003934657', 4, 'Btp-1fb37 4%'),
        (70, 'IT0003535157', 4, 'Btp-1ag34 5%'),
        (71, 'IT0005104473', 5, 'Cct-Eu Tv Eur6m+0,55% Gn22 Eur'),
        (72, 'IT0005137614', 5, 'Cct-Eu Tv Eur6m+0,7% Dc22 Eur'),
        (73, 'IT0005185456', 5, 'Cct-Eu Tv Eur6m+0,7% Lg23 Eur'),
        (74, 'IT0005252520', 5, 'Cct-Eu Tv Eur6m+1,10% Ot24 Eur'),
        (75, 'IT0005311508', 5, 'Cct-Eu Tv Eur6m+0,95% Ap25 Eur'),
        (76, 'IT0005331878', 5, 'Cct-Eu Tv Eur6m+0,55% St25 Eur'),
        (77, 'IT0005359846', 5, 'Cct-Eu Tv Eur6m+1,85% Ge25 Eur'),
        (78, 'IT0005399230', 5, 'Cct-Eu Tv Eur6m+0,55% Dc23 Eur'),
        (79, 'IT0005428617', 5, 'Cct-Eu Tv Eur6m+0,5% Ap26 Eur'),
        (80, 'IT0005451361', 5, 'Cct-Eu Tv Eur6m+0,65% Ap29 Eur');

INSERT INTO portfolios(id, name, cash)
    VALUES
        ( 1, 'Portafoglio 1', 50000),
        ( 2, 'Portafoglio 2', 30000);

INSERT INTO line_items(id, isin, quantity, loading_price)
    VALUES
        ( 1, 'IT0001233417', 1000,   1.8515),
        ( 2, 'IT0003261697',  100,  23.7200),
        ( 3, 'IT0001031084',  100,  37.2800),
        ( 4, 'IT0003132476',  100,  10.3860),
        ( 5, 'IT0003796171',  100,  11.4950),
        ( 6, 'IT0003796171', 1000,  11.5500),
        ( 7, 'IT0000072618',  100,   2.3900),
        ( 8, 'IT0000062072',  100,  17.2150),
        ( 9, 'IT0003153415',  100,   5.0300);

INSERT INTO portfolio_line_item(portfolio_id, line_item_id)
    VALUES
        ( 1, 1),
        ( 1, 2),
        ( 1, 3),
        ( 1, 4),
        ( 1, 5),
        ( 2, 6),
        ( 2, 7),
        ( 2, 8),
        ( 2, 9);
